{
    "best_model_name": "XGBoost",
    "metrics": {
        "LogisticRegression": {
            "accuracy": 0.8055358410220014,
            "precision": 0.6572327044025157,
            "recall": 0.5588235294117647,
            "f1_score": 0.6040462427745664,
            "roc_auc": 0.8419876514505672,
            "confusion_matrix": [
                [
                    926,
                    109
                ],
                [
                    165,
                    209
                ]
            ],
            "roc_curve": {
                "fpr": [
                    0.0,
                    0.004830917874396135,
                    0.011594202898550725,
                    0.018357487922705314,
                    0.02318840579710145,
                    0.028019323671497585,
                    0.034782608695652174,
                    0.04057971014492753,
                    0.05314009661835749,
                    0.05990338164251208,
                    0.07053140096618357,
                    0.07632850241545894,
                    0.08888888888888889,
                    0.09565217391304348,
                    0.10144927536231885,
                    0.11497584541062802,
                    0.13429951690821257,
                    0.15555555555555556,
                    0.16618357487922705,
                    0.17971014492753623,
                    0.18647342995169083,
                    0.21159420289855072,
                    0.22415458937198068,
                    0.2396135265700483,
                    0.2560386473429952,
                    0.2714975845410628,
                    0.28405797101449276,
                    0.3033816425120773,
                    0.3169082125603865,
                    0.34106280193236715,
                    0.35555555555555557,
                    0.3710144927536232,
                    0.38743961352657,
                    0.41545893719806765,
                    0.4434782608695652,
                    0.49371980676328503,
                    0.5072463768115942,
                    0.5661835748792271,
                    0.6309178743961352,
                    1.0
                ],
                "tpr": [
                    0.0,
                    0.0427807486631016,
                    0.10695187165775401,
                    0.15240641711229946,
                    0.18716577540106952,
                    0.21657754010695188,
                    0.28609625668449196,
                    0.3449197860962567,
                    0.3877005347593583,
                    0.4117647058823529,
                    0.4385026737967914,
                    0.4625668449197861,
                    0.4946524064171123,
                    0.5133689839572193,
                    0.5454545454545454,
                    0.5828877005347594,
                    0.6042780748663101,
                    0.6203208556149733,
                    0.6390374331550802,
                    0.660427807486631,
                    0.679144385026738,
                    0.7032085561497327,
                    0.7219251336898396,
                    0.7486631016042781,
                    0.7620320855614974,
                    0.786096256684492,
                    0.7994652406417112,
                    0.8155080213903744,
                    0.8315508021390374,
                    0.8502673796791443,
                    0.8636363636363636,
                    0.8796791443850267,
                    0.8957219251336899,
                    0.9090909090909091,
                    0.9278074866310161,
                    0.9411764705882353,
                    0.9572192513368984,
                    0.9705882352941176,
                    0.9866310160427807,
                    1.0
                ]
            }
        },
        "RandomForest": {
            "accuracy": 0.8034066713981547,
            "precision": 0.6644067796610169,
            "recall": 0.5240641711229946,
            "f1_score": 0.585949177877429,
            "roc_auc": 0.8366025988788137,
            "confusion_matrix": [
                [
                    936,
                    99
                ],
                [
                    178,
                    196
                ]
            ],
            "roc_curve": {
                "fpr": [
                    0.0,
                    0.003864734299516908,
                    0.010628019323671498,
                    0.018357487922705314,
                    0.024154589371980676,
                    0.033816425120772944,
                    0.03864734299516908,
                    0.0463768115942029,
                    0.05603864734299517,
                    0.06280193236714976,
                    0.07439613526570048,
                    0.0821256038647343,
                    0.09082125603864734,
                    0.09758454106280193,
                    0.1111111111111111,
                    0.12077294685990338,
                    0.13719806763285025,
                    0.1565217391304348,
                    0.1748792270531401,
                    0.18743961352657004,
                    0.20096618357487922,
                    0.21256038647342995,
                    0.23091787439613526,
                    0.24734299516908212,
                    0.2560386473429952,
                    0.2821256038647343,
                    0.30144927536231886,
                    0.3217391304347826,
                    0.36231884057971014,
                    0.3932367149758454,
                    0.40193236714975844,
                    0.4396135265700483,
                    0.47439613526570046,
                    0.5159420289855072,
                    0.5497584541062802,
                    0.6135265700483091,
                    0.6521739130434783,
                    0.7584541062801933,
                    0.9062801932367149,
                    1.0
                ],
                "tpr": [
                    0.0,
                    0.0748663101604278,
                    0.13636363636363635,
                    0.20588235294117646,
                    0.24866310160427807,
                    0.29411764705882354,
                    0.32887700534759357,
                    0.35561497326203206,
                    0.3850267379679144,
                    0.4358288770053476,
                    0.45454545454545453,
                    0.4732620320855615,
                    0.5026737967914439,
                    0.5267379679144385,
                    0.5508021390374331,
                    0.5775401069518716,
                    0.5935828877005348,
                    0.6149732620320856,
                    0.6390374331550802,
                    0.6550802139037433,
                    0.6844919786096256,
                    0.7165775401069518,
                    0.7486631016042781,
                    0.7647058823529411,
                    0.7807486631016043,
                    0.7994652406417112,
                    0.8181818181818182,
                    0.8342245989304813,
                    0.8502673796791443,
                    0.8716577540106952,
                    0.8850267379679144,
                    0.8983957219251337,
                    0.9171122994652406,
                    0.93048128342246,
                    0.946524064171123,
                    0.9625668449197861,
                    0.9759358288770054,
                    0.9893048128342246,
                    0.9973262032085561,
                    1.0
                ]
            }
        },
        "XGBoost": {
            "accuracy": 0.7991483321504613,
            "precision": 0.6472491909385113,
            "recall": 0.5347593582887701,
            "f1_score": 0.5856515373352855,
            "roc_auc": 0.8420832364566381,